created_date,borough,count
2019-12-30/2020-01-05,BRONX,28
2019-12-30/2020-01-05,BROOKLYN,54
2019-12-30/2020-01-05,MANHATTAN,42
2019-12-30/2020-01-05,QUEENS,13
2019-12-30/2020-01-05,STATEN ISLAND,3
2020-01-06/2020-01-12,BRONX,45
2020-01-06/2020-01-12,BROOKLYN,91
2020-01-06/2020-01-12,MANHATTAN,59
2020-01-06/2020-01-12,QUEENS,32
2020-01-06/2020-01-12,STATEN ISLAND,9
2020-01-13/2020-01-19,BRONX,41
2020-01-13/2020-01-19,BROOKLYN,91
2020-01-13/2020-01-19,MANHATTAN,69
2020-01-13/2020-01-19,QUEENS,34
2020-01-13/2020-01-19,STATEN ISLAND,9
2020-01-20/2020-01-26,BRONX,40
2020-01-20/2020-01-26,BROOKLYN,90
2020-01-20/2020-01-26,MANHATTAN,80
2020-01-20/2020-01-26,QUEENS,35
2020-01-20/2020-01-26,STATEN ISLAND,4
2020-01-27/2020-02-02,BRONX,34
2020-01-27/2020-02-02,BROOKLYN,102
2020-01-27/2020-02-02,MANHATTAN,62
2020-01-27/2020-02-02,QUEENS,43
2020-01-27/2020-02-02,STATEN ISLAND,8
2020-02-03/2020-02-09,BRONX,37
2020-02-03/2020-02-09,BROOKLYN,103
2020-02-03/2020-02-09,MANHATTAN,72
2020-02-03/2020-02-09,QUEENS,30
2020-02-03/2020-02-09,STATEN ISLAND,6
2020-02-10/2020-02-16,BRONX,25
2020-02-10/2020-02-16,BROOKLYN,80
2020-02-10/2020-02-16,MANHATTAN,84
2020-02-10/2020-02-16,QUEENS,32
2020-02-10/2020-02-16,STATEN ISLAND,12
2020-02-17/2020-02-23,BRONX,29
2020-02-17/2020-02-23,BROOKLYN,98
2020-02-17/2020-02-23,MANHATTAN,73
2020-02-17/2020-02-23,QUEENS,41
2020-02-17/2020-02-23,STATEN ISLAND,10
2020-02-24/2020-03-01,BRONX,40
2020-02-24/2020-03-01,BROOKLYN,118
2020-02-24/2020-03-01,MANHATTAN,67
2020-02-24/2020-03-01,QUEENS,33
2020-02-24/2020-03-01,STATEN ISLAND,12
2020-03-02/2020-03-08,BRONX,40
2020-03-02/2020-03-08,BROOKLYN,102
2020-03-02/2020-03-08,MANHATTAN,81
2020-03-02/2020-03-08,QUEENS,47
2020-03-02/2020-03-08,STATEN ISLAND,4
2020-03-09/2020-03-15,BRONX,42
2020-03-09/2020-03-15,BROOKLYN,93
2020-03-09/2020-03-15,MANHATTAN,71
2020-03-09/2020-03-15,QUEENS,36
2020-03-09/2020-03-15,STATEN ISLAND,16
2020-03-16/2020-03-22,BRONX,28
2020-03-16/2020-03-22,BROOKLYN,63
2020-03-16/2020-03-22,MANHATTAN,62
2020-03-16/2020-03-22,QUEENS,28
2020-03-16/2020-03-22,STATEN ISLAND,6
2020-03-23/2020-03-29,BRONX,26
2020-03-23/2020-03-29,BROOKLYN,61
2020-03-23/2020-03-29,MANHATTAN,37
2020-03-23/2020-03-29,QUEENS,35
2020-03-23/2020-03-29,STATEN ISLAND,5
2020-03-30/2020-04-05,BRONX,32
2020-03-30/2020-04-05,BROOKLYN,62
2020-03-30/2020-04-05,MANHATTAN,55
2020-03-30/2020-04-05,QUEENS,26
2020-03-30/2020-04-05,STATEN ISLAND,4
2020-04-06/2020-04-12,BRONX,21
2020-04-06/2020-04-12,BROOKLYN,84
2020-04-06/2020-04-12,MANHATTAN,52
2020-04-06/2020-04-12,QUEENS,27
2020-04-06/2020-04-12,STATEN ISLAND,5
2020-04-13/2020-04-19,BRONX,33
2020-04-13/2020-04-19,BROOKLYN,77
2020-04-13/2020-04-19,MANHATTAN,72
2020-04-13/2020-04-19,QUEENS,32
2020-04-13/2020-04-19,STATEN ISLAND,6
2020-04-20/2020-04-26,BRONX,39
2020-04-20/2020-04-26,BROOKLYN,97
2020-04-20/2020-04-26,MANHATTAN,81
2020-04-20/2020-04-26,QUEENS,42
2020-04-20/2020-04-26,STATEN ISLAND,6
2020-04-27/2020-05-03,BRONX,39
2020-04-27/2020-05-03,BROOKLYN,114
2020-04-27/2020-05-03,MANHATTAN,82
2020-04-27/2020-05-03,QUEENS,44
2020-04-27/2020-05-03,STATEN ISLAND,8
2020-05-04/2020-05-10,BRONX,52
2020-05-04/2020-05-10,BROOKLYN,109
2020-05-04/2020-05-10,MANHATTAN,78
2020-05-04/2020-05-10,QUEENS,37
2020-05-04/2020-05-10,STATEN ISLAND,8
2020-05-11/2020-05-17,BRONX,57
2020-05-11/2020-05-17,BROOKLYN,131
2020-05-11/2020-05-17,MANHATTAN,85
2020-05-11/2020-05-17,QUEENS,72
2020-05-11/2020-05-17,STATEN ISLAND,21
2020-05-18/2020-05-24,BRONX,61
2020-05-18/2020-05-24,BROOKLYN,195
2020-05-18/2020-05-24,MANHATTAN,95
2020-05-18/2020-05-24,QUEENS,75
2020-05-18/2020-05-24,STATEN ISLAND,16
2020-05-25/2020-05-31,BRONX,79
2020-05-25/2020-05-31,BROOKLYN,159
2020-05-25/2020-05-31,MANHATTAN,118
2020-05-25/2020-05-31,QUEENS,69
2020-05-25/2020-05-31,STATEN ISLAND,21
2020-06-01/2020-06-07,BRONX,50
2020-06-01/2020-06-07,BROOKLYN,138
2020-06-01/2020-06-07,MANHATTAN,74
2020-06-01/2020-06-07,QUEENS,63
2020-06-01/2020-06-07,STATEN ISLAND,22
2020-06-08/2020-06-14,BRONX,66
2020-06-08/2020-06-14,BROOKLYN,151
2020-06-08/2020-06-14,MANHATTAN,66
2020-06-08/2020-06-14,QUEENS,67
2020-06-08/2020-06-14,STATEN ISLAND,18
2020-06-15/2020-06-21,BRONX,63
2020-06-15/2020-06-21,BROOKLYN,178
2020-06-15/2020-06-21,MANHATTAN,101
2020-06-15/2020-06-21,QUEENS,76
2020-06-15/2020-06-21,STATEN ISLAND,18
2020-06-22/2020-06-28,BRONX,61
2020-06-22/2020-06-28,BROOKLYN,131
2020-06-22/2020-06-28,MANHATTAN,85
2020-06-22/2020-06-28,QUEENS,72
2020-06-22/2020-06-28,STATEN ISLAND,18
2020-06-29/2020-07-05,BRONX,52
2020-06-29/2020-07-05,BROOKLYN,147
2020-06-29/2020-07-05,MANHATTAN,89
2020-06-29/2020-07-05,QUEENS,93
2020-06-29/2020-07-05,STATEN ISLAND,11
2020-07-06/2020-07-12,BRONX,54
2020-07-06/2020-07-12,BROOKLYN,198
2020-07-06/2020-07-12,MANHATTAN,87
2020-07-06/2020-07-12,QUEENS,74
2020-07-06/2020-07-12,STATEN ISLAND,23
2020-07-13/2020-07-19,BRONX,68
2020-07-13/2020-07-19,BROOKLYN,169
2020-07-13/2020-07-19,MANHATTAN,113
2020-07-13/2020-07-19,QUEENS,79
2020-07-13/2020-07-19,STATEN ISLAND,15
2020-07-20/2020-07-26,BRONX,52
2020-07-20/2020-07-26,BROOKLYN,133
2020-07-20/2020-07-26,MANHATTAN,88
2020-07-20/2020-07-26,QUEENS,59
2020-07-20/2020-07-26,STATEN ISLAND,12
2020-07-27/2020-08-02,BRONX,66
2020-07-27/2020-08-02,BROOKLYN,146
2020-07-27/2020-08-02,MANHATTAN,84
2020-07-27/2020-08-02,QUEENS,81
2020-07-27/2020-08-02,STATEN ISLAND,22
2020-08-03/2020-08-09,BRONX,55
2020-08-03/2020-08-09,BROOKLYN,140
2020-08-03/2020-08-09,MANHATTAN,113
2020-08-03/2020-08-09,QUEENS,62
2020-08-03/2020-08-09,STATEN ISLAND,27
2020-08-10/2020-08-16,BRONX,70
2020-08-10/2020-08-16,BROOKLYN,124
2020-08-10/2020-08-16,MANHATTAN,99
2020-08-10/2020-08-16,QUEENS,64
2020-08-10/2020-08-16,STATEN ISLAND,24
2020-08-17/2020-08-23,BRONX,86
2020-08-17/2020-08-23,BROOKLYN,181
2020-08-17/2020-08-23,MANHATTAN,108
2020-08-17/2020-08-23,QUEENS,92
2020-08-17/2020-08-23,STATEN ISLAND,18
2020-08-24/2020-08-30,BRONX,64
2020-08-24/2020-08-30,BROOKLYN,140
2020-08-24/2020-08-30,MANHATTAN,122
2020-08-24/2020-08-30,QUEENS,79
2020-08-24/2020-08-30,STATEN ISLAND,18
2020-08-31/2020-09-06,BRONX,62
2020-08-31/2020-09-06,BROOKLYN,146
2020-08-31/2020-09-06,MANHATTAN,103
2020-08-31/2020-09-06,QUEENS,61
2020-08-31/2020-09-06,STATEN ISLAND,14
2020-09-07/2020-09-13,BRONX,67
2020-09-07/2020-09-13,BROOKLYN,131
2020-09-07/2020-09-13,MANHATTAN,102
2020-09-07/2020-09-13,QUEENS,63
2020-09-07/2020-09-13,STATEN ISLAND,11
2020-09-14/2020-09-20,BRONX,59
2020-09-14/2020-09-20,BROOKLYN,146
2020-09-14/2020-09-20,MANHATTAN,104
2020-09-14/2020-09-20,QUEENS,63
2020-09-14/2020-09-20,STATEN ISLAND,18
2020-09-21/2020-09-27,BRONX,72
2020-09-21/2020-09-27,BROOKLYN,144
2020-09-21/2020-09-27,MANHATTAN,96
2020-09-21/2020-09-27,QUEENS,62
2020-09-21/2020-09-27,STATEN ISLAND,14
2020-09-28/2020-10-04,BRONX,74
2020-09-28/2020-10-04,BROOKLYN,142
2020-09-28/2020-10-04,MANHATTAN,92
2020-09-28/2020-10-04,QUEENS,64
2020-09-28/2020-10-04,STATEN ISLAND,14
2020-10-05/2020-10-11,BRONX,66
2020-10-05/2020-10-11,BROOKLYN,129
2020-10-05/2020-10-11,MANHATTAN,83
2020-10-05/2020-10-11,QUEENS,56
2020-10-05/2020-10-11,STATEN ISLAND,11
2020-10-12/2020-10-18,BRONX,73
2020-10-12/2020-10-18,BROOKLYN,101
2020-10-12/2020-10-18,MANHATTAN,69
2020-10-12/2020-10-18,QUEENS,58
2020-10-12/2020-10-18,STATEN ISLAND,5
2020-10-19/2020-10-25,BRONX,94
2020-10-19/2020-10-25,BROOKLYN,138
2020-10-19/2020-10-25,MANHATTAN,89
2020-10-19/2020-10-25,QUEENS,82
2020-10-19/2020-10-25,STATEN ISLAND,10
2020-10-26/2020-11-01,BRONX,70
2020-10-26/2020-11-01,BROOKLYN,103
2020-10-26/2020-11-01,MANHATTAN,96
2020-10-26/2020-11-01,QUEENS,44
2020-10-26/2020-11-01,STATEN ISLAND,11
2020-11-02/2020-11-08,BRONX,55
2020-11-02/2020-11-08,BROOKLYN,94
2020-11-02/2020-11-08,MANHATTAN,64
2020-11-02/2020-11-08,QUEENS,40
2020-11-02/2020-11-08,STATEN ISLAND,6
2020-11-09/2020-11-15,BRONX,47
2020-11-09/2020-11-15,BROOKLYN,78
2020-11-09/2020-11-15,MANHATTAN,95
2020-11-09/2020-11-15,QUEENS,54
2020-11-09/2020-11-15,STATEN ISLAND,7
2020-11-16/2020-11-22,BRONX,65
2020-11-16/2020-11-22,BROOKLYN,82
2020-11-16/2020-11-22,MANHATTAN,59
2020-11-16/2020-11-22,QUEENS,46
2020-11-16/2020-11-22,STATEN ISLAND,7
2020-11-23/2020-11-29,BRONX,44
2020-11-23/2020-11-29,BROOKLYN,83
2020-11-23/2020-11-29,MANHATTAN,72
2020-11-23/2020-11-29,QUEENS,44
2020-11-23/2020-11-29,STATEN ISLAND,6
2020-11-30/2020-12-06,BRONX,56
2020-11-30/2020-12-06,BROOKLYN,67
2020-11-30/2020-12-06,MANHATTAN,59
2020-11-30/2020-12-06,QUEENS,37
2020-11-30/2020-12-06,STATEN ISLAND,7
2020-12-07/2020-12-13,BRONX,59
2020-12-07/2020-12-13,BROOKLYN,81
2020-12-07/2020-12-13,MANHATTAN,65
2020-12-07/2020-12-13,QUEENS,37
2020-12-07/2020-12-13,STATEN ISLAND,6
2020-12-14/2020-12-20,BRONX,67
2020-12-14/2020-12-20,BROOKLYN,66
2020-12-14/2020-12-20,MANHATTAN,36
2020-12-14/2020-12-20,QUEENS,26
2020-12-14/2020-12-20,STATEN ISLAND,16
2020-12-21/2020-12-27,BRONX,30
2020-12-21/2020-12-27,BROOKLYN,61
2020-12-21/2020-12-27,MANHATTAN,51
2020-12-21/2020-12-27,QUEENS,30
2020-12-21/2020-12-27,STATEN ISLAND,2
2020-12-28/2021-01-03,BRONX,42
2020-12-28/2021-01-03,BROOKLYN,76
2020-12-28/2021-01-03,MANHATTAN,65
2020-12-28/2021-01-03,QUEENS,28
2020-12-28/2021-01-03,STATEN ISLAND,7
2021-01-04/2021-01-10,BRONX,44
2021-01-04/2021-01-10,BROOKLYN,107
2021-01-04/2021-01-10,MANHATTAN,104
2021-01-04/2021-01-10,QUEENS,44
2021-01-04/2021-01-10,STATEN ISLAND,10
2021-01-11/2021-01-17,BRONX,72
2021-01-11/2021-01-17,BROOKLYN,101
2021-01-11/2021-01-17,MANHATTAN,115
2021-01-11/2021-01-17,QUEENS,36
2021-01-11/2021-01-17,STATEN ISLAND,6
2021-01-18/2021-01-24,BRONX,40
2021-01-18/2021-01-24,BROOKLYN,87
2021-01-18/2021-01-24,MANHATTAN,107
2021-01-18/2021-01-24,QUEENS,36
2021-01-18/2021-01-24,STATEN ISLAND,6
2021-01-25/2021-01-31,BRONX,53
2021-01-25/2021-01-31,BROOKLYN,94
2021-01-25/2021-01-31,MANHATTAN,71
2021-01-25/2021-01-31,QUEENS,34
2021-01-25/2021-01-31,STATEN ISLAND,8
2021-02-01/2021-02-07,BRONX,39
2021-02-01/2021-02-07,BROOKLYN,59
2021-02-01/2021-02-07,MANHATTAN,45
2021-02-01/2021-02-07,QUEENS,23
2021-02-01/2021-02-07,STATEN ISLAND,3
2021-02-08/2021-02-14,BRONX,42
2021-02-08/2021-02-14,BROOKLYN,76
2021-02-08/2021-02-14,MANHATTAN,61
2021-02-08/2021-02-14,QUEENS,26
2021-02-08/2021-02-14,STATEN ISLAND,5
2021-02-15/2021-02-21,BRONX,39
2021-02-15/2021-02-21,BROOKLYN,60
2021-02-15/2021-02-21,MANHATTAN,74
2021-02-15/2021-02-21,QUEENS,34
2021-02-15/2021-02-21,STATEN ISLAND,9
2021-02-22/2021-02-28,BRONX,78
2021-02-22/2021-02-28,BROOKLYN,125
2021-02-22/2021-02-28,MANHATTAN,99
2021-02-22/2021-02-28,QUEENS,52
2021-02-22/2021-02-28,STATEN ISLAND,13
2021-03-01/2021-03-07,BRONX,73
2021-03-01/2021-03-07,BROOKLYN,123
2021-03-01/2021-03-07,MANHATTAN,95
2021-03-01/2021-03-07,QUEENS,53
2021-03-01/2021-03-07,STATEN ISLAND,8
2021-03-08/2021-03-14,BRONX,64
2021-03-08/2021-03-14,BROOKLYN,135
2021-03-08/2021-03-14,MANHATTAN,123
2021-03-08/2021-03-14,QUEENS,76
2021-03-08/2021-03-14,STATEN ISLAND,7
2021-03-15/2021-03-21,BRONX,60
2021-03-15/2021-03-21,BROOKLYN,131
2021-03-15/2021-03-21,MANHATTAN,112
2021-03-15/2021-03-21,QUEENS,55
2021-03-15/2021-03-21,STATEN ISLAND,16
2021-03-22/2021-03-28,BRONX,82
2021-03-22/2021-03-28,BROOKLYN,186
2021-03-22/2021-03-28,MANHATTAN,114
2021-03-22/2021-03-28,QUEENS,90
2021-03-22/2021-03-28,STATEN ISLAND,20
2021-03-29/2021-04-04,BRONX,77
2021-03-29/2021-04-04,BROOKLYN,203
2021-03-29/2021-04-04,MANHATTAN,108
2021-03-29/2021-04-04,QUEENS,58
2021-03-29/2021-04-04,STATEN ISLAND,15
2021-04-05/2021-04-11,BRONX,81
2021-04-05/2021-04-11,BROOKLYN,219
2021-04-05/2021-04-11,MANHATTAN,132
2021-04-05/2021-04-11,QUEENS,66
2021-04-05/2021-04-11,STATEN ISLAND,10
2021-04-12/2021-04-18,BRONX,98
2021-04-12/2021-04-18,BROOKLYN,199
2021-04-12/2021-04-18,MANHATTAN,125
2021-04-12/2021-04-18,QUEENS,67
2021-04-12/2021-04-18,STATEN ISLAND,12
2021-04-19/2021-04-25,BRONX,93
2021-04-19/2021-04-25,BROOKLYN,173
2021-04-19/2021-04-25,MANHATTAN,125
2021-04-19/2021-04-25,QUEENS,68
2021-04-19/2021-04-25,STATEN ISLAND,20
2021-04-26/2021-05-02,BRONX,101
2021-04-26/2021-05-02,BROOKLYN,173
2021-04-26/2021-05-02,MANHATTAN,90
2021-04-26/2021-05-02,QUEENS,79
2021-04-26/2021-05-02,STATEN ISLAND,9
2021-05-03/2021-05-09,BRONX,87
2021-05-03/2021-05-09,BROOKLYN,227
2021-05-03/2021-05-09,MANHATTAN,141
2021-05-03/2021-05-09,QUEENS,63
2021-05-03/2021-05-09,STATEN ISLAND,14
2021-05-10/2021-05-16,BRONX,111
2021-05-10/2021-05-16,BROOKLYN,235
2021-05-10/2021-05-16,MANHATTAN,132
2021-05-10/2021-05-16,QUEENS,74
2021-05-10/2021-05-16,STATEN ISLAND,9
2021-05-17/2021-05-23,BRONX,86
2021-05-17/2021-05-23,BROOKLYN,201
2021-05-17/2021-05-23,MANHATTAN,142
2021-05-17/2021-05-23,QUEENS,85
2021-05-17/2021-05-23,STATEN ISLAND,21
2021-05-24/2021-05-30,BRONX,106
2021-05-24/2021-05-30,BROOKLYN,188
2021-05-24/2021-05-30,MANHATTAN,151
2021-05-24/2021-05-30,QUEENS,65
2021-05-24/2021-05-30,STATEN ISLAND,12
2021-05-31/2021-06-06,BRONX,122
2021-05-31/2021-06-06,BROOKLYN,258
2021-05-31/2021-06-06,MANHATTAN,129
2021-05-31/2021-06-06,QUEENS,92
2021-05-31/2021-06-06,STATEN ISLAND,18
2021-06-07/2021-06-13,BRONX,113
2021-06-07/2021-06-13,BROOKLYN,241
2021-06-07/2021-06-13,MANHATTAN,144
2021-06-07/2021-06-13,QUEENS,96
2021-06-07/2021-06-13,STATEN ISLAND,30
2021-06-14/2021-06-20,BRONX,89
2021-06-14/2021-06-20,BROOKLYN,236
2021-06-14/2021-06-20,MANHATTAN,176
2021-06-14/2021-06-20,QUEENS,71
2021-06-14/2021-06-20,STATEN ISLAND,17
2021-06-21/2021-06-27,BRONX,107
2021-06-21/2021-06-27,BROOKLYN,246
2021-06-21/2021-06-27,MANHATTAN,169
2021-06-21/2021-06-27,QUEENS,82
2021-06-21/2021-06-27,STATEN ISLAND,22
2021-06-28/2021-07-04,BRONX,85
2021-06-28/2021-07-04,BROOKLYN,191
2021-06-28/2021-07-04,MANHATTAN,124
2021-06-28/2021-07-04,QUEENS,80
2021-06-28/2021-07-04,STATEN ISLAND,15
2021-07-05/2021-07-11,BRONX,89
2021-07-05/2021-07-11,BROOKLYN,196
2021-07-05/2021-07-11,MANHATTAN,152
2021-07-05/2021-07-11,QUEENS,90
2021-07-05/2021-07-11,STATEN ISLAND,20
2021-07-12/2021-07-18,BRONX,105
2021-07-12/2021-07-18,BROOKLYN,225
2021-07-12/2021-07-18,MANHATTAN,169
2021-07-12/2021-07-18,QUEENS,96
2021-07-12/2021-07-18,STATEN ISLAND,24
2021-07-19/2021-07-25,BRONX,128
2021-07-19/2021-07-25,BROOKLYN,268
2021-07-19/2021-07-25,MANHATTAN,169
2021-07-19/2021-07-25,QUEENS,110
2021-07-19/2021-07-25,STATEN ISLAND,21
2021-07-26/2021-08-01,BRONX,111
2021-07-26/2021-08-01,BROOKLYN,254
2021-07-26/2021-08-01,MANHATTAN,189
2021-07-26/2021-08-01,QUEENS,92
2021-07-26/2021-08-01,STATEN ISLAND,14
2021-08-02/2021-08-08,BRONX,113
2021-08-02/2021-08-08,BROOKLYN,229
2021-08-02/2021-08-08,MANHATTAN,174
2021-08-02/2021-08-08,QUEENS,85
2021-08-02/2021-08-08,STATEN ISLAND,22
2021-08-09/2021-08-15,BRONX,105
2021-08-09/2021-08-15,BROOKLYN,205
2021-08-09/2021-08-15,MANHATTAN,153
2021-08-09/2021-08-15,QUEENS,83
2021-08-09/2021-08-15,STATEN ISLAND,14
2021-08-16/2021-08-22,BRONX,99
2021-08-16/2021-08-22,BROOKLYN,190
2021-08-16/2021-08-22,MANHATTAN,153
2021-08-16/2021-08-22,QUEENS,68
2021-08-16/2021-08-22,STATEN ISLAND,17
2021-08-23/2021-08-29,BRONX,95
2021-08-23/2021-08-29,BROOKLYN,224
2021-08-23/2021-08-29,MANHATTAN,135
2021-08-23/2021-08-29,QUEENS,63
2021-08-23/2021-08-29,STATEN ISLAND,19
2021-08-30/2021-09-05,BRONX,91
2021-08-30/2021-09-05,BROOKLYN,167
2021-08-30/2021-09-05,MANHATTAN,140
2021-08-30/2021-09-05,QUEENS,74
2021-08-30/2021-09-05,STATEN ISLAND,14
2021-09-06/2021-09-12,BRONX,108
2021-09-06/2021-09-12,BROOKLYN,198
2021-09-06/2021-09-12,MANHATTAN,174
2021-09-06/2021-09-12,QUEENS,50
2021-09-06/2021-09-12,STATEN ISLAND,20
2021-09-13/2021-09-19,BRONX,86
2021-09-13/2021-09-19,BROOKLYN,197
2021-09-13/2021-09-19,MANHATTAN,144
2021-09-13/2021-09-19,QUEENS,74
2021-09-13/2021-09-19,STATEN ISLAND,19
2021-09-20/2021-09-26,BRONX,112
2021-09-20/2021-09-26,BROOKLYN,229
2021-09-20/2021-09-26,MANHATTAN,173
2021-09-20/2021-09-26,QUEENS,65
2021-09-20/2021-09-26,STATEN ISLAND,17
2021-09-27/2021-10-03,BRONX,88
2021-09-27/2021-10-03,BROOKLYN,220
2021-09-27/2021-10-03,MANHATTAN,146
2021-09-27/2021-10-03,QUEENS,76
2021-09-27/2021-10-03,STATEN ISLAND,14
2021-10-04/2021-10-10,BRONX,99
2021-10-04/2021-10-10,BROOKLYN,249
2021-10-04/2021-10-10,MANHATTAN,190
2021-10-04/2021-10-10,QUEENS,84
2021-10-04/2021-10-10,STATEN ISLAND,21
2021-10-11/2021-10-17,BRONX,125
2021-10-11/2021-10-17,BROOKLYN,241
2021-10-11/2021-10-17,MANHATTAN,147
2021-10-11/2021-10-17,QUEENS,75
2021-10-11/2021-10-17,STATEN ISLAND,13
2021-10-18/2021-10-24,BRONX,104
2021-10-18/2021-10-24,BROOKLYN,261
2021-10-18/2021-10-24,MANHATTAN,194
2021-10-18/2021-10-24,QUEENS,101
2021-10-18/2021-10-24,STATEN ISLAND,9
2021-10-25/2021-10-31,BRONX,91
2021-10-25/2021-10-31,BROOKLYN,240
2021-10-25/2021-10-31,MANHATTAN,157
2021-10-25/2021-10-31,QUEENS,69
2021-10-25/2021-10-31,STATEN ISLAND,24
2021-11-01/2021-11-07,BRONX,83
2021-11-01/2021-11-07,BROOKLYN,256
2021-11-01/2021-11-07,MANHATTAN,163
2021-11-01/2021-11-07,QUEENS,72
2021-11-01/2021-11-07,STATEN ISLAND,11
2021-11-08/2021-11-14,BRONX,85
2021-11-08/2021-11-14,BROOKLYN,209
2021-11-08/2021-11-14,MANHATTAN,183
2021-11-08/2021-11-14,QUEENS,73
2021-11-08/2021-11-14,STATEN ISLAND,8
2021-11-15/2021-11-21,BRONX,75
2021-11-15/2021-11-21,BROOKLYN,155
2021-11-15/2021-11-21,MANHATTAN,145
2021-11-15/2021-11-21,QUEENS,49
2021-11-15/2021-11-21,STATEN ISLAND,6
2021-11-22/2021-11-28,BRONX,61
2021-11-22/2021-11-28,BROOKLYN,88
2021-11-22/2021-11-28,MANHATTAN,103
2021-11-22/2021-11-28,QUEENS,30
2021-11-22/2021-11-28,STATEN ISLAND,5
2021-11-29/2021-12-05,BRONX,79
2021-11-29/2021-12-05,BROOKLYN,151
2021-11-29/2021-12-05,MANHATTAN,113
2021-11-29/2021-12-05,QUEENS,47
2021-11-29/2021-12-05,STATEN ISLAND,8
2021-12-06/2021-12-12,BRONX,69
2021-12-06/2021-12-12,BROOKLYN,132
2021-12-06/2021-12-12,MANHATTAN,134
2021-12-06/2021-12-12,QUEENS,48
2021-12-06/2021-12-12,STATEN ISLAND,3
2021-12-13/2021-12-19,BRONX,86
2021-12-13/2021-12-19,BROOKLYN,192
2021-12-13/2021-12-19,MANHATTAN,132
2021-12-13/2021-12-19,QUEENS,42
2021-12-13/2021-12-19,STATEN ISLAND,6
2021-12-20/2021-12-26,BRONX,65
2021-12-20/2021-12-26,BROOKLYN,115
2021-12-20/2021-12-26,MANHATTAN,93
2021-12-20/2021-12-26,QUEENS,36
2021-12-20/2021-12-26,STATEN ISLAND,1
2021-12-27/2022-01-02,BRONX,77
2021-12-27/2022-01-02,BROOKLYN,139
2021-12-27/2022-01-02,MANHATTAN,114
2021-12-27/2022-01-02,QUEENS,44
2021-12-27/2022-01-02,STATEN ISLAND,9
2022-01-03/2022-01-09,BRONX,73
2022-01-03/2022-01-09,BROOKLYN,129
2022-01-03/2022-01-09,MANHATTAN,117
2022-01-03/2022-01-09,QUEENS,53
2022-01-03/2022-01-09,STATEN ISLAND,3
2022-01-03/2022-01-09,Unspecified,2
2022-01-10/2022-01-16,BRONX,79
2022-01-10/2022-01-16,BROOKLYN,132
2022-01-10/2022-01-16,MANHATTAN,115
2022-01-10/2022-01-16,QUEENS,44
2022-01-10/2022-01-16,STATEN ISLAND,3
2022-01-17/2022-01-23,BRONX,78
2022-01-17/2022-01-23,BROOKLYN,127
2022-01-17/2022-01-23,MANHATTAN,112
2022-01-17/2022-01-23,QUEENS,36
2022-01-17/2022-01-23,STATEN ISLAND,4
2022-01-24/2022-01-30,BRONX,66
2022-01-24/2022-01-30,BROOKLYN,137
2022-01-24/2022-01-30,MANHATTAN,89
2022-01-24/2022-01-30,QUEENS,59
2022-01-24/2022-01-30,STATEN ISLAND,4
2022-01-31/2022-02-06,BRONX,65
2022-01-31/2022-02-06,BROOKLYN,122
2022-01-31/2022-02-06,MANHATTAN,113
2022-01-31/2022-02-06,QUEENS,32
2022-01-31/2022-02-06,STATEN ISLAND,9
2022-02-07/2022-02-13,BRONX,77
2022-02-07/2022-02-13,BROOKLYN,140
2022-02-07/2022-02-13,MANHATTAN,121
2022-02-07/2022-02-13,QUEENS,65
2022-02-07/2022-02-13,STATEN ISLAND,7
2022-02-14/2022-02-20,BRONX,69
2022-02-14/2022-02-20,BROOKLYN,133
2022-02-14/2022-02-20,MANHATTAN,119
2022-02-14/2022-02-20,QUEENS,53
2022-02-14/2022-02-20,STATEN ISLAND,8
2022-02-21/2022-02-27,BRONX,54
2022-02-21/2022-02-27,BROOKLYN,166
2022-02-21/2022-02-27,MANHATTAN,130
2022-02-21/2022-02-27,QUEENS,55
2022-02-21/2022-02-27,STATEN ISLAND,11
2022-02-28/2022-03-06,BRONX,69
2022-02-28/2022-03-06,BROOKLYN,166
2022-02-28/2022-03-06,MANHATTAN,137
2022-02-28/2022-03-06,QUEENS,60
2022-02-28/2022-03-06,STATEN ISLAND,17
2022-03-07/2022-03-13,BRONX,74
2022-03-07/2022-03-13,BROOKLYN,197
2022-03-07/2022-03-13,MANHATTAN,121
2022-03-07/2022-03-13,QUEENS,69
2022-03-07/2022-03-13,STATEN ISLAND,6
2022-03-14/2022-03-20,BRONX,83
2022-03-14/2022-03-20,BROOKLYN,244
2022-03-14/2022-03-20,MANHATTAN,131
2022-03-14/2022-03-20,QUEENS,89
2022-03-14/2022-03-20,STATEN ISLAND,13
2022-03-21/2022-03-27,BRONX,79
2022-03-21/2022-03-27,BROOKLYN,185
2022-03-21/2022-03-27,MANHATTAN,137
2022-03-21/2022-03-27,QUEENS,67
2022-03-21/2022-03-27,STATEN ISLAND,18
2022-03-28/2022-04-03,BRONX,71
2022-03-28/2022-04-03,BROOKLYN,204
2022-03-28/2022-04-03,MANHATTAN,113
2022-03-28/2022-04-03,QUEENS,50
2022-03-28/2022-04-03,STATEN ISLAND,7
2022-04-04/2022-04-10,BRONX,74
2022-04-04/2022-04-10,BROOKLYN,198
2022-04-04/2022-04-10,MANHATTAN,132
2022-04-04/2022-04-10,QUEENS,76
2022-04-04/2022-04-10,STATEN ISLAND,17
2022-04-11/2022-04-17,BRONX,61
2022-04-11/2022-04-17,BROOKLYN,189
2022-04-11/2022-04-17,MANHATTAN,113
2022-04-11/2022-04-17,QUEENS,79
2022-04-11/2022-04-17,STATEN ISLAND,17
2022-04-18/2022-04-24,BRONX,91
2022-04-18/2022-04-24,BROOKLYN,212
2022-04-18/2022-04-24,MANHATTAN,158
2022-04-18/2022-04-24,QUEENS,65
2022-04-18/2022-04-24,STATEN ISLAND,15
2022-04-25/2022-05-01,BRONX,103
2022-04-25/2022-05-01,BROOKLYN,190
2022-04-25/2022-05-01,MANHATTAN,138
2022-04-25/2022-05-01,QUEENS,77
2022-04-25/2022-05-01,STATEN ISLAND,13
2022-05-02/2022-05-08,BRONX,91
2022-05-02/2022-05-08,BROOKLYN,226
2022-05-02/2022-05-08,MANHATTAN,167
2022-05-02/2022-05-08,QUEENS,87
2022-05-02/2022-05-08,STATEN ISLAND,7
2022-05-09/2022-05-15,BRONX,97
2022-05-09/2022-05-15,BROOKLYN,280
2022-05-09/2022-05-15,MANHATTAN,180
2022-05-09/2022-05-15,QUEENS,103
2022-05-09/2022-05-15,STATEN ISLAND,25
2022-05-16/2022-05-22,BRONX,101
2022-05-16/2022-05-22,BROOKLYN,245
2022-05-16/2022-05-22,MANHATTAN,182
2022-05-16/2022-05-22,QUEENS,93
2022-05-16/2022-05-22,STATEN ISLAND,24
2022-05-23/2022-05-29,BRONX,100
2022-05-23/2022-05-29,BROOKLYN,236
2022-05-23/2022-05-29,MANHATTAN,188
2022-05-23/2022-05-29,QUEENS,96
2022-05-23/2022-05-29,STATEN ISLAND,13
2022-05-30/2022-06-05,BRONX,92
2022-05-30/2022-06-05,BROOKLYN,294
2022-05-30/2022-06-05,MANHATTAN,206
2022-05-30/2022-06-05,QUEENS,93
2022-05-30/2022-06-05,STATEN ISLAND,31
2022-06-06/2022-06-12,BRONX,109
2022-06-06/2022-06-12,BROOKLYN,295
2022-06-06/2022-06-12,MANHATTAN,210
2022-06-06/2022-06-12,QUEENS,119
2022-06-06/2022-06-12,STATEN ISLAND,22
2022-06-13/2022-06-19,BRONX,95
2022-06-13/2022-06-19,BROOKLYN,272
2022-06-13/2022-06-19,MANHATTAN,187
2022-06-13/2022-06-19,QUEENS,115
2022-06-13/2022-06-19,STATEN ISLAND,24
2022-06-20/2022-06-26,BRONX,106
2022-06-20/2022-06-26,BROOKLYN,223
2022-06-20/2022-06-26,MANHATTAN,174
2022-06-20/2022-06-26,QUEENS,88
2022-06-20/2022-06-26,STATEN ISLAND,26
2022-06-27/2022-07-03,BRONX,104
2022-06-27/2022-07-03,BROOKLYN,220
2022-06-27/2022-07-03,MANHATTAN,179
2022-06-27/2022-07-03,QUEENS,94
2022-06-27/2022-07-03,STATEN ISLAND,14
2022-07-04/2022-07-10,BRONX,103
2022-07-04/2022-07-10,BROOKLYN,260
2022-07-04/2022-07-10,MANHATTAN,166
2022-07-04/2022-07-10,QUEENS,105
2022-07-04/2022-07-10,STATEN ISLAND,27
2022-07-11/2022-07-17,BRONX,106
2022-07-11/2022-07-17,BROOKLYN,285
2022-07-11/2022-07-17,MANHATTAN,212
2022-07-11/2022-07-17,QUEENS,99
2022-07-11/2022-07-17,STATEN ISLAND,26
2022-07-18/2022-07-24,BRONX,101
2022-07-18/2022-07-24,BROOKLYN,261
2022-07-18/2022-07-24,MANHATTAN,183
2022-07-18/2022-07-24,QUEENS,108
2022-07-18/2022-07-24,STATEN ISLAND,17
2022-07-25/2022-07-31,BRONX,103
2022-07-25/2022-07-31,BROOKLYN,265
2022-07-25/2022-07-31,MANHATTAN,182
2022-07-25/2022-07-31,QUEENS,141
2022-07-25/2022-07-31,STATEN ISLAND,29
2022-08-01/2022-08-07,BRONX,73
2022-08-01/2022-08-07,BROOKLYN,253
2022-08-01/2022-08-07,MANHATTAN,214
2022-08-01/2022-08-07,QUEENS,124
2022-08-01/2022-08-07,STATEN ISLAND,15
2022-08-08/2022-08-14,BRONX,70
2022-08-08/2022-08-14,BROOKLYN,198
2022-08-08/2022-08-14,MANHATTAN,206
2022-08-08/2022-08-14,QUEENS,116
2022-08-08/2022-08-14,STATEN ISLAND,18
2022-08-15/2022-08-21,BRONX,80
2022-08-15/2022-08-21,BROOKLYN,276
2022-08-15/2022-08-21,MANHATTAN,177
2022-08-15/2022-08-21,QUEENS,106
2022-08-15/2022-08-21,STATEN ISLAND,15
2022-08-22/2022-08-28,BRONX,85
2022-08-22/2022-08-28,BROOKLYN,273
2022-08-22/2022-08-28,MANHATTAN,173
2022-08-22/2022-08-28,QUEENS,116
2022-08-22/2022-08-28,STATEN ISLAND,17
2022-08-29/2022-09-04,BRONX,107
2022-08-29/2022-09-04,BROOKLYN,212
2022-08-29/2022-09-04,MANHATTAN,148
2022-08-29/2022-09-04,QUEENS,107
2022-08-29/2022-09-04,STATEN ISLAND,22
2022-09-05/2022-09-11,BRONX,80
2022-09-05/2022-09-11,BROOKLYN,232
2022-09-05/2022-09-11,MANHATTAN,145
2022-09-05/2022-09-11,QUEENS,99
2022-09-05/2022-09-11,STATEN ISLAND,14
2022-09-12/2022-09-18,BRONX,91
2022-09-12/2022-09-18,BROOKLYN,223
2022-09-12/2022-09-18,MANHATTAN,172
2022-09-12/2022-09-18,QUEENS,98
2022-09-12/2022-09-18,STATEN ISLAND,23
2022-09-19/2022-09-25,BRONX,84
2022-09-19/2022-09-25,BROOKLYN,247
2022-09-19/2022-09-25,MANHATTAN,142
2022-09-19/2022-09-25,QUEENS,84
2022-09-19/2022-09-25,STATEN ISLAND,21
2022-09-26/2022-10-02,BRONX,70
2022-09-26/2022-10-02,BROOKLYN,175
2022-09-26/2022-10-02,MANHATTAN,158
2022-09-26/2022-10-02,QUEENS,85
2022-09-26/2022-10-02,STATEN ISLAND,6
2022-10-03/2022-10-09,BRONX,77
2022-10-03/2022-10-09,BROOKLYN,146
2022-10-03/2022-10-09,MANHATTAN,138
2022-10-03/2022-10-09,QUEENS,51
2022-10-03/2022-10-09,STATEN ISLAND,7
2022-10-10/2022-10-16,BRONX,81
2022-10-10/2022-10-16,BROOKLYN,163
2022-10-10/2022-10-16,MANHATTAN,121
2022-10-10/2022-10-16,QUEENS,72
2022-10-10/2022-10-16,STATEN ISLAND,14
2022-10-17/2022-10-23,BRONX,76
2022-10-17/2022-10-23,BROOKLYN,187
2022-10-17/2022-10-23,MANHATTAN,119
2022-10-17/2022-10-23,QUEENS,84
2022-10-17/2022-10-23,STATEN ISLAND,17
2022-10-24/2022-10-30,BRONX,55
2022-10-24/2022-10-30,BROOKLYN,183
2022-10-24/2022-10-30,MANHATTAN,111
2022-10-24/2022-10-30,QUEENS,84
2022-10-24/2022-10-30,STATEN ISLAND,12
2022-10-31/2022-11-06,BRONX,89
2022-10-31/2022-11-06,BROOKLYN,163
2022-10-31/2022-11-06,MANHATTAN,148
2022-10-31/2022-11-06,QUEENS,78
2022-10-31/2022-11-06,STATEN ISLAND,5
2022-11-07/2022-11-13,BRONX,72
2022-11-07/2022-11-13,BROOKLYN,125
2022-11-07/2022-11-13,MANHATTAN,111
2022-11-07/2022-11-13,QUEENS,62
2022-11-07/2022-11-13,STATEN ISLAND,6
2022-11-14/2022-11-20,BRONX,75
2022-11-14/2022-11-20,BROOKLYN,144
2022-11-14/2022-11-20,MANHATTAN,112
2022-11-14/2022-11-20,QUEENS,50
2022-11-14/2022-11-20,STATEN ISLAND,8
2022-11-21/2022-11-27,BRONX,38
2022-11-21/2022-11-27,BROOKLYN,80
2022-11-21/2022-11-27,MANHATTAN,78
2022-11-21/2022-11-27,QUEENS,43
2022-11-21/2022-11-27,STATEN ISLAND,4
2022-11-28/2022-12-04,BRONX,52
2022-11-28/2022-12-04,BROOKLYN,162
2022-11-28/2022-12-04,MANHATTAN,116
2022-11-28/2022-12-04,QUEENS,59
2022-11-28/2022-12-04,STATEN ISLAND,1
2022-12-05/2022-12-11,BRONX,56
2022-12-05/2022-12-11,BROOKLYN,139
2022-12-05/2022-12-11,MANHATTAN,106
2022-12-05/2022-12-11,QUEENS,69
2022-12-05/2022-12-11,STATEN ISLAND,5
2022-12-12/2022-12-18,BRONX,62
2022-12-12/2022-12-18,BROOKLYN,113
2022-12-12/2022-12-18,MANHATTAN,86
2022-12-12/2022-12-18,QUEENS,49
2022-12-19/2022-12-25,BRONX,36
2022-12-19/2022-12-25,BROOKLYN,82
2022-12-19/2022-12-25,MANHATTAN,65
2022-12-19/2022-12-25,QUEENS,45
2022-12-19/2022-12-25,STATEN ISLAND,2
2022-12-26/2023-01-01,BRONX,31
2022-12-26/2023-01-01,BROOKLYN,100
2022-12-26/2023-01-01,MANHATTAN,85
2022-12-26/2023-01-01,QUEENS,34
2022-12-26/2023-01-01,STATEN ISLAND,8
2023-01-02/2023-01-08,BRONX,71
2023-01-02/2023-01-08,BROOKLYN,199
2023-01-02/2023-01-08,MANHATTAN,153
2023-01-02/2023-01-08,QUEENS,98
2023-01-02/2023-01-08,STATEN ISLAND,26
2023-01-09/2023-01-15,BRONX,80
2023-01-09/2023-01-15,BROOKLYN,143
2023-01-09/2023-01-15,MANHATTAN,125
2023-01-09/2023-01-15,QUEENS,64
2023-01-09/2023-01-15,STATEN ISLAND,7
2023-01-09/2023-01-15,Unspecified,2
2023-01-16/2023-01-22,BRONX,53
2023-01-16/2023-01-22,BROOKLYN,136
2023-01-16/2023-01-22,MANHATTAN,109
2023-01-16/2023-01-22,QUEENS,48
2023-01-16/2023-01-22,STATEN ISLAND,8
2023-01-23/2023-01-29,BRONX,67
2023-01-23/2023-01-29,BROOKLYN,175
2023-01-23/2023-01-29,MANHATTAN,131
2023-01-23/2023-01-29,QUEENS,63
2023-01-23/2023-01-29,STATEN ISLAND,4
2023-01-30/2023-02-05,BRONX,58
2023-01-30/2023-02-05,BROOKLYN,157
2023-01-30/2023-02-05,MANHATTAN,105
2023-01-30/2023-02-05,QUEENS,68
2023-01-30/2023-02-05,STATEN ISLAND,10
2023-02-06/2023-02-12,BRONX,61
2023-02-06/2023-02-12,BROOKLYN,168
2023-02-06/2023-02-12,MANHATTAN,113
2023-02-06/2023-02-12,QUEENS,78
2023-02-06/2023-02-12,STATEN ISLAND,8
2023-02-13/2023-02-19,BRONX,53
2023-02-13/2023-02-19,BROOKLYN,158
2023-02-13/2023-02-19,MANHATTAN,125
2023-02-13/2023-02-19,QUEENS,79
2023-02-13/2023-02-19,STATEN ISLAND,4
2023-02-20/2023-02-26,BRONX,64
2023-02-20/2023-02-26,BROOKLYN,215
2023-02-20/2023-02-26,MANHATTAN,114
2023-02-20/2023-02-26,QUEENS,68
2023-02-20/2023-02-26,STATEN ISLAND,8
2023-02-27/2023-03-05,BRONX,62
2023-02-27/2023-03-05,BROOKLYN,202
2023-02-27/2023-03-05,MANHATTAN,122
2023-02-27/2023-03-05,QUEENS,86
2023-02-27/2023-03-05,STATEN ISLAND,3
2023-03-06/2023-03-12,BRONX,54
2023-03-06/2023-03-12,BROOKLYN,163
2023-03-06/2023-03-12,MANHATTAN,127
2023-03-06/2023-03-12,QUEENS,54
2023-03-06/2023-03-12,STATEN ISLAND,6
2023-03-13/2023-03-19,BRONX,67
2023-03-13/2023-03-19,BROOKLYN,132
2023-03-13/2023-03-19,MANHATTAN,101
2023-03-13/2023-03-19,QUEENS,66
2023-03-13/2023-03-19,STATEN ISLAND,6
2023-03-20/2023-03-26,BRONX,48
2023-03-20/2023-03-26,BROOKLYN,171
2023-03-20/2023-03-26,MANHATTAN,135
2023-03-20/2023-03-26,QUEENS,72
2023-03-20/2023-03-26,STATEN ISLAND,4
2023-03-27/2023-04-02,BRONX,56
2023-03-27/2023-04-02,BROOKLYN,174
2023-03-27/2023-04-02,MANHATTAN,100
2023-03-27/2023-04-02,QUEENS,82
2023-03-27/2023-04-02,STATEN ISLAND,7
2023-03-27/2023-04-02,Unspecified,1
2023-04-03/2023-04-09,BRONX,56
2023-04-03/2023-04-09,BROOKLYN,184
2023-04-03/2023-04-09,MANHATTAN,105
2023-04-03/2023-04-09,QUEENS,86
2023-04-03/2023-04-09,STATEN ISLAND,9
2023-04-10/2023-04-16,BRONX,73
2023-04-10/2023-04-16,BROOKLYN,227
2023-04-10/2023-04-16,MANHATTAN,182
2023-04-10/2023-04-16,QUEENS,107
2023-04-10/2023-04-16,STATEN ISLAND,17
2023-04-17/2023-04-23,BRONX,70
2023-04-17/2023-04-23,BROOKLYN,225
2023-04-17/2023-04-23,MANHATTAN,145
2023-04-17/2023-04-23,QUEENS,98
2023-04-17/2023-04-23,STATEN ISLAND,14
2023-04-24/2023-04-30,BRONX,87
2023-04-24/2023-04-30,BROOKLYN,216
2023-04-24/2023-04-30,MANHATTAN,140
2023-04-24/2023-04-30,QUEENS,102
2023-04-24/2023-04-30,STATEN ISLAND,13
2023-05-01/2023-05-07,BRONX,73
2023-05-01/2023-05-07,BROOKLYN,228
2023-05-01/2023-05-07,MANHATTAN,167
2023-05-01/2023-05-07,QUEENS,92
2023-05-01/2023-05-07,STATEN ISLAND,16
2023-05-08/2023-05-14,BRONX,63
2023-05-08/2023-05-14,BROOKLYN,223
2023-05-08/2023-05-14,MANHATTAN,158
2023-05-08/2023-05-14,QUEENS,95
2023-05-08/2023-05-14,STATEN ISLAND,49
2023-05-15/2023-05-21,BRONX,59
2023-05-15/2023-05-21,BROOKLYN,198
2023-05-15/2023-05-21,MANHATTAN,131
2023-05-15/2023-05-21,QUEENS,99
2023-05-15/2023-05-21,STATEN ISLAND,14
2023-05-22/2023-05-28,BRONX,59
2023-05-22/2023-05-28,BROOKLYN,213
2023-05-22/2023-05-28,MANHATTAN,112
2023-05-22/2023-05-28,QUEENS,90
2023-05-22/2023-05-28,STATEN ISLAND,12
2023-05-29/2023-06-04,BRONX,50
2023-05-29/2023-06-04,BROOKLYN,173
2023-05-29/2023-06-04,MANHATTAN,108
2023-05-29/2023-06-04,QUEENS,86
2023-05-29/2023-06-04,STATEN ISLAND,23
2023-06-05/2023-06-11,BRONX,66
2023-06-05/2023-06-11,BROOKLYN,206
2023-06-05/2023-06-11,MANHATTAN,120
2023-06-05/2023-06-11,QUEENS,92
2023-06-05/2023-06-11,STATEN ISLAND,21
2023-06-12/2023-06-18,BRONX,82
2023-06-12/2023-06-18,BROOKLYN,207
2023-06-12/2023-06-18,MANHATTAN,118
2023-06-12/2023-06-18,QUEENS,94
2023-06-12/2023-06-18,STATEN ISLAND,10
2023-06-19/2023-06-25,BRONX,83
2023-06-19/2023-06-25,BROOKLYN,265
2023-06-19/2023-06-25,MANHATTAN,140
2023-06-19/2023-06-25,QUEENS,118
2023-06-19/2023-06-25,STATEN ISLAND,13
2023-06-26/2023-07-02,BRONX,91
2023-06-26/2023-07-02,BROOKLYN,260
2023-06-26/2023-07-02,MANHATTAN,156
2023-06-26/2023-07-02,QUEENS,128
2023-06-26/2023-07-02,STATEN ISLAND,22
2023-07-03/2023-07-09,BRONX,80
2023-07-03/2023-07-09,BROOKLYN,188
2023-07-03/2023-07-09,MANHATTAN,149
2023-07-03/2023-07-09,QUEENS,90
2023-07-03/2023-07-09,STATEN ISLAND,20
2023-07-10/2023-07-16,BRONX,94
2023-07-10/2023-07-16,BROOKLYN,254
2023-07-10/2023-07-16,MANHATTAN,114
2023-07-10/2023-07-16,QUEENS,140
2023-07-10/2023-07-16,STATEN ISLAND,19
2023-07-17/2023-07-23,BRONX,96
2023-07-17/2023-07-23,BROOKLYN,244
2023-07-17/2023-07-23,MANHATTAN,147
2023-07-17/2023-07-23,QUEENS,115
2023-07-17/2023-07-23,STATEN ISLAND,26
2023-07-24/2023-07-30,BRONX,90
2023-07-24/2023-07-30,BROOKLYN,301
2023-07-24/2023-07-30,MANHATTAN,154
2023-07-24/2023-07-30,QUEENS,103
2023-07-24/2023-07-30,STATEN ISLAND,32
2023-07-31/2023-08-06,BRONX,80
2023-07-31/2023-08-06,BROOKLYN,266
2023-07-31/2023-08-06,MANHATTAN,156
2023-07-31/2023-08-06,QUEENS,102
2023-07-31/2023-08-06,STATEN ISLAND,26
2023-07-31/2023-08-06,Unspecified,1
2023-08-07/2023-08-13,BRONX,92
2023-08-07/2023-08-13,BROOKLYN,248
2023-08-07/2023-08-13,MANHATTAN,160
2023-08-07/2023-08-13,QUEENS,82
2023-08-07/2023-08-13,STATEN ISLAND,23
2023-08-14/2023-08-20,BRONX,111
2023-08-14/2023-08-20,BROOKLYN,301
2023-08-14/2023-08-20,MANHATTAN,188
2023-08-14/2023-08-20,QUEENS,117
2023-08-14/2023-08-20,STATEN ISLAND,18
2023-08-21/2023-08-27,BRONX,101
2023-08-21/2023-08-27,BROOKLYN,247
2023-08-21/2023-08-27,MANHATTAN,157
2023-08-21/2023-08-27,QUEENS,121
2023-08-21/2023-08-27,STATEN ISLAND,16
2023-08-28/2023-09-03,BRONX,82
2023-08-28/2023-09-03,BROOKLYN,210
2023-08-28/2023-09-03,MANHATTAN,154
2023-08-28/2023-09-03,QUEENS,103
2023-08-28/2023-09-03,STATEN ISLAND,21
2023-09-04/2023-09-10,BRONX,92
2023-09-04/2023-09-10,BROOKLYN,213
2023-09-04/2023-09-10,MANHATTAN,156
2023-09-04/2023-09-10,QUEENS,99
2023-09-04/2023-09-10,STATEN ISLAND,17
2023-09-11/2023-09-17,BRONX,75
2023-09-11/2023-09-17,BROOKLYN,247
2023-09-11/2023-09-17,MANHATTAN,166
2023-09-11/2023-09-17,QUEENS,107
2023-09-11/2023-09-17,STATEN ISLAND,11
2023-09-18/2023-09-24,BRONX,85
2023-09-18/2023-09-24,BROOKLYN,218
2023-09-18/2023-09-24,MANHATTAN,163
2023-09-18/2023-09-24,QUEENS,103
2023-09-18/2023-09-24,STATEN ISLAND,12
2023-09-25/2023-10-01,BRONX,63
2023-09-25/2023-10-01,BROOKLYN,202
2023-09-25/2023-10-01,MANHATTAN,134
2023-09-25/2023-10-01,QUEENS,84
2023-09-25/2023-10-01,STATEN ISLAND,19
2023-10-02/2023-10-08,BRONX,81
2023-10-02/2023-10-08,BROOKLYN,199
2023-10-02/2023-10-08,MANHATTAN,121
2023-10-02/2023-10-08,QUEENS,99
2023-10-02/2023-10-08,STATEN ISLAND,12
2023-10-09/2023-10-15,BRONX,75
2023-10-09/2023-10-15,BROOKLYN,194
2023-10-09/2023-10-15,MANHATTAN,122
2023-10-09/2023-10-15,QUEENS,72
2023-10-09/2023-10-15,STATEN ISLAND,13
2023-10-16/2023-10-22,BRONX,61
2023-10-16/2023-10-22,BROOKLYN,167
2023-10-16/2023-10-22,MANHATTAN,123
2023-10-16/2023-10-22,QUEENS,75
2023-10-16/2023-10-22,STATEN ISLAND,10
2023-10-16/2023-10-22,Unspecified,1
2023-10-23/2023-10-29,BRONX,66
2023-10-23/2023-10-29,BROOKLYN,144
2023-10-23/2023-10-29,MANHATTAN,81
2023-10-23/2023-10-29,QUEENS,59
2023-10-23/2023-10-29,STATEN ISLAND,13
2023-10-23/2023-10-29,Unspecified,1
2023-10-30/2023-11-05,BRONX,51
2023-10-30/2023-11-05,BROOKLYN,173
2023-10-30/2023-11-05,MANHATTAN,108
2023-10-30/2023-11-05,QUEENS,69
2023-10-30/2023-11-05,STATEN ISLAND,4
2023-11-06/2023-11-12,BRONX,51
2023-11-06/2023-11-12,BROOKLYN,170
2023-11-06/2023-11-12,MANHATTAN,112
2023-11-06/2023-11-12,QUEENS,61
2023-11-06/2023-11-12,STATEN ISLAND,3
2023-11-13/2023-11-19,BRONX,49
2023-11-13/2023-11-19,BROOKLYN,196
2023-11-13/2023-11-19,MANHATTAN,99
2023-11-13/2023-11-19,QUEENS,58
2023-11-13/2023-11-19,STATEN ISLAND,5
2023-11-20/2023-11-26,BRONX,56
2023-11-20/2023-11-26,BROOKLYN,117
2023-11-20/2023-11-26,MANHATTAN,76
2023-11-20/2023-11-26,QUEENS,53
2023-11-20/2023-11-26,STATEN ISLAND,3
2023-11-27/2023-12-03,BRONX,68
2023-11-27/2023-12-03,BROOKLYN,138
2023-11-27/2023-12-03,MANHATTAN,68
2023-11-27/2023-12-03,QUEENS,51
2023-11-27/2023-12-03,STATEN ISLAND,8
2023-12-04/2023-12-10,BRONX,51
2023-12-04/2023-12-10,BROOKLYN,147
2023-12-04/2023-12-10,MANHATTAN,76
2023-12-04/2023-12-10,QUEENS,56
2023-12-04/2023-12-10,STATEN ISLAND,7
2023-12-11/2023-12-17,BRONX,49
2023-12-11/2023-12-17,BROOKLYN,132
2023-12-11/2023-12-17,MANHATTAN,90
2023-12-11/2023-12-17,QUEENS,40
2023-12-11/2023-12-17,STATEN ISLAND,4
2023-12-18/2023-12-24,BRONX,53
2023-12-18/2023-12-24,BROOKLYN,130
2023-12-18/2023-12-24,MANHATTAN,65
2023-12-18/2023-12-24,QUEENS,39
2023-12-18/2023-12-24,STATEN ISLAND,12
2023-12-25/2023-12-31,BRONX,56
2023-12-25/2023-12-31,BROOKLYN,123
2023-12-25/2023-12-31,MANHATTAN,86
2023-12-25/2023-12-31,QUEENS,44
2023-12-25/2023-12-31,STATEN ISLAND,3
2024-01-01/2024-01-07,BRONX,47
2024-01-01/2024-01-07,BROOKLYN,132
2024-01-01/2024-01-07,MANHATTAN,87
2024-01-01/2024-01-07,QUEENS,65
2024-01-01/2024-01-07,STATEN ISLAND,9
2024-01-01/2024-01-07,Unspecified,1
2024-01-08/2024-01-14,BRONX,69
2024-01-08/2024-01-14,BROOKLYN,186
2024-01-08/2024-01-14,MANHATTAN,97
2024-01-08/2024-01-14,QUEENS,60
2024-01-08/2024-01-14,STATEN ISLAND,6
2024-01-15/2024-01-21,BRONX,52
2024-01-15/2024-01-21,BROOKLYN,128
2024-01-15/2024-01-21,MANHATTAN,78
2024-01-15/2024-01-21,QUEENS,44
2024-01-15/2024-01-21,STATEN ISLAND,5
2024-01-22/2024-01-28,BRONX,72
2024-01-22/2024-01-28,BROOKLYN,211
2024-01-22/2024-01-28,MANHATTAN,98
2024-01-22/2024-01-28,QUEENS,69
2024-01-22/2024-01-28,STATEN ISLAND,7
2024-01-29/2024-02-04,BRONX,92
2024-01-29/2024-02-04,BROOKLYN,198
2024-01-29/2024-02-04,MANHATTAN,109
2024-01-29/2024-02-04,QUEENS,93
2024-01-29/2024-02-04,STATEN ISLAND,1
2024-02-05/2024-02-11,BRONX,59
2024-02-05/2024-02-11,BROOKLYN,212
2024-02-05/2024-02-11,MANHATTAN,77
2024-02-05/2024-02-11,QUEENS,72
2024-02-05/2024-02-11,STATEN ISLAND,18
2024-02-12/2024-02-18,BRONX,42
2024-02-12/2024-02-18,BROOKLYN,175
2024-02-12/2024-02-18,MANHATTAN,88
2024-02-12/2024-02-18,QUEENS,63
2024-02-12/2024-02-18,STATEN ISLAND,3
2024-02-19/2024-02-25,BRONX,60
2024-02-19/2024-02-25,BROOKLYN,162
2024-02-19/2024-02-25,MANHATTAN,84
2024-02-19/2024-02-25,QUEENS,65
2024-02-19/2024-02-25,STATEN ISLAND,11
2024-02-26/2024-03-03,BRONX,59
2024-02-26/2024-03-03,BROOKLYN,173
2024-02-26/2024-03-03,MANHATTAN,97
2024-02-26/2024-03-03,QUEENS,90
2024-02-26/2024-03-03,STATEN ISLAND,8
2024-03-04/2024-03-10,BRONX,83
2024-03-04/2024-03-10,BROOKLYN,212
2024-03-04/2024-03-10,MANHATTAN,97
2024-03-04/2024-03-10,QUEENS,72
2024-03-04/2024-03-10,STATEN ISLAND,12
2024-03-11/2024-03-17,BRONX,59
2024-03-11/2024-03-17,BROOKLYN,199
2024-03-11/2024-03-17,MANHATTAN,100
2024-03-11/2024-03-17,QUEENS,76
2024-03-11/2024-03-17,STATEN ISLAND,20
2024-03-18/2024-03-24,BRONX,65
2024-03-18/2024-03-24,BROOKLYN,155
2024-03-18/2024-03-24,MANHATTAN,82
2024-03-18/2024-03-24,QUEENS,55
2024-03-18/2024-03-24,STATEN ISLAND,10
2024-03-25/2024-03-31,BRONX,57
2024-03-25/2024-03-31,BROOKLYN,144
2024-03-25/2024-03-31,MANHATTAN,89
2024-03-25/2024-03-31,QUEENS,79
2024-03-25/2024-03-31,STATEN ISLAND,4
2024-04-01/2024-04-07,BRONX,56
2024-04-01/2024-04-07,BROOKLYN,153
2024-04-01/2024-04-07,MANHATTAN,95
2024-04-01/2024-04-07,QUEENS,65
2024-04-01/2024-04-07,STATEN ISLAND,11
2024-04-08/2024-04-14,BRONX,66
2024-04-08/2024-04-14,BROOKLYN,203
2024-04-08/2024-04-14,MANHATTAN,92
2024-04-08/2024-04-14,QUEENS,90
2024-04-08/2024-04-14,STATEN ISLAND,7
2024-04-15/2024-04-21,BRONX,94
2024-04-15/2024-04-21,BROOKLYN,221
2024-04-15/2024-04-21,MANHATTAN,135
2024-04-15/2024-04-21,QUEENS,103
2024-04-15/2024-04-21,STATEN ISLAND,18
2024-04-22/2024-04-28,BRONX,86
2024-04-22/2024-04-28,BROOKLYN,232
2024-04-22/2024-04-28,MANHATTAN,95
2024-04-22/2024-04-28,QUEENS,90
2024-04-22/2024-04-28,STATEN ISLAND,11
2024-04-29/2024-05-05,BRONX,92
2024-04-29/2024-05-05,BROOKLYN,237
2024-04-29/2024-05-05,MANHATTAN,124
2024-04-29/2024-05-05,QUEENS,110
2024-04-29/2024-05-05,STATEN ISLAND,12
2024-05-06/2024-05-12,BRONX,88
2024-05-06/2024-05-12,BROOKLYN,261
2024-05-06/2024-05-12,MANHATTAN,133
2024-05-06/2024-05-12,QUEENS,100
2024-05-06/2024-05-12,STATEN ISLAND,19
2024-05-13/2024-05-19,BRONX,110
2024-05-13/2024-05-19,BROOKLYN,293
2024-05-13/2024-05-19,MANHATTAN,142
2024-05-13/2024-05-19,QUEENS,101
2024-05-13/2024-05-19,STATEN ISLAND,26
2024-05-20/2024-05-26,BRONX,104
2024-05-20/2024-05-26,BROOKLYN,259
2024-05-20/2024-05-26,MANHATTAN,139
2024-05-20/2024-05-26,QUEENS,108
2024-05-20/2024-05-26,STATEN ISLAND,15
2024-05-27/2024-06-02,BRONX,96
2024-05-27/2024-06-02,BROOKLYN,246
2024-05-27/2024-06-02,MANHATTAN,124
2024-05-27/2024-06-02,QUEENS,94
2024-05-27/2024-06-02,STATEN ISLAND,13
2024-06-03/2024-06-09,BRONX,98
2024-06-03/2024-06-09,BROOKLYN,260
2024-06-03/2024-06-09,MANHATTAN,138
2024-06-03/2024-06-09,QUEENS,125
2024-06-03/2024-06-09,STATEN ISLAND,21
2024-06-10/2024-06-16,BRONX,96
2024-06-10/2024-06-16,BROOKLYN,238
2024-06-10/2024-06-16,MANHATTAN,125
2024-06-10/2024-06-16,QUEENS,161
2024-06-10/2024-06-16,STATEN ISLAND,16
2024-06-17/2024-06-23,BRONX,75
2024-06-17/2024-06-23,BROOKLYN,226
2024-06-17/2024-06-23,MANHATTAN,115
2024-06-17/2024-06-23,QUEENS,112
2024-06-17/2024-06-23,STATEN ISLAND,18
2024-06-24/2024-06-30,BRONX,88
2024-06-24/2024-06-30,BROOKLYN,221
2024-06-24/2024-06-30,MANHATTAN,109
2024-06-24/2024-06-30,QUEENS,105
2024-06-24/2024-06-30,STATEN ISLAND,20
2024-07-01/2024-07-07,BRONX,62
2024-07-01/2024-07-07,BROOKLYN,196
2024-07-01/2024-07-07,MANHATTAN,120
2024-07-01/2024-07-07,QUEENS,84
2024-07-01/2024-07-07,STATEN ISLAND,12
2024-07-08/2024-07-14,BRONX,77
2024-07-08/2024-07-14,BROOKLYN,250
2024-07-08/2024-07-14,MANHATTAN,152
2024-07-08/2024-07-14,QUEENS,134
2024-07-08/2024-07-14,STATEN ISLAND,19
2024-07-15/2024-07-21,BRONX,72
2024-07-15/2024-07-21,BROOKLYN,217
2024-07-15/2024-07-21,MANHATTAN,143
2024-07-15/2024-07-21,QUEENS,122
2024-07-15/2024-07-21,STATEN ISLAND,27
2024-07-22/2024-07-28,BRONX,86
2024-07-22/2024-07-28,BROOKLYN,268
2024-07-22/2024-07-28,MANHATTAN,173
2024-07-22/2024-07-28,QUEENS,153
2024-07-22/2024-07-28,STATEN ISLAND,23
2024-07-29/2024-08-04,BRONX,102
2024-07-29/2024-08-04,BROOKLYN,264
2024-07-29/2024-08-04,MANHATTAN,150
2024-07-29/2024-08-04,QUEENS,123
2024-07-29/2024-08-04,STATEN ISLAND,22
2024-08-05/2024-08-11,BRONX,92
2024-08-05/2024-08-11,BROOKLYN,200
2024-08-05/2024-08-11,MANHATTAN,117
2024-08-05/2024-08-11,QUEENS,134
2024-08-05/2024-08-11,STATEN ISLAND,18
2024-08-12/2024-08-18,BRONX,66
2024-08-12/2024-08-18,BROOKLYN,209
2024-08-12/2024-08-18,MANHATTAN,141
2024-08-12/2024-08-18,QUEENS,129
2024-08-12/2024-08-18,STATEN ISLAND,18
2024-08-19/2024-08-25,BRONX,85
2024-08-19/2024-08-25,BROOKLYN,237
2024-08-19/2024-08-25,MANHATTAN,139
2024-08-19/2024-08-25,QUEENS,140
2024-08-19/2024-08-25,STATEN ISLAND,26
2024-08-26/2024-09-01,BRONX,85
2024-08-26/2024-09-01,BROOKLYN,260
2024-08-26/2024-09-01,MANHATTAN,151
2024-08-26/2024-09-01,QUEENS,134
2024-08-26/2024-09-01,STATEN ISLAND,28
2024-09-02/2024-09-08,BRONX,77
2024-09-02/2024-09-08,BROOKLYN,217
2024-09-02/2024-09-08,MANHATTAN,132
2024-09-02/2024-09-08,QUEENS,112
2024-09-02/2024-09-08,STATEN ISLAND,20
2024-09-09/2024-09-15,BRONX,86
2024-09-09/2024-09-15,BROOKLYN,247
2024-09-09/2024-09-15,MANHATTAN,114
2024-09-09/2024-09-15,QUEENS,110
2024-09-09/2024-09-15,STATEN ISLAND,10
2024-09-16/2024-09-22,BRONX,91
2024-09-16/2024-09-22,BROOKLYN,229
2024-09-16/2024-09-22,MANHATTAN,131
2024-09-16/2024-09-22,QUEENS,117
2024-09-16/2024-09-22,STATEN ISLAND,16
2024-09-23/2024-09-29,BRONX,100
2024-09-23/2024-09-29,BROOKLYN,218
2024-09-23/2024-09-29,MANHATTAN,130
2024-09-23/2024-09-29,QUEENS,100
2024-09-23/2024-09-29,STATEN ISLAND,14
2024-09-30/2024-10-06,BRONX,83
2024-09-30/2024-10-06,BROOKLYN,218
2024-09-30/2024-10-06,MANHATTAN,139
2024-09-30/2024-10-06,QUEENS,129
2024-09-30/2024-10-06,STATEN ISLAND,12
2024-10-07/2024-10-13,BRONX,65
2024-10-07/2024-10-13,BROOKLYN,184
2024-10-07/2024-10-13,MANHATTAN,137
2024-10-07/2024-10-13,QUEENS,82
2024-10-07/2024-10-13,STATEN ISLAND,5
2024-10-14/2024-10-20,BRONX,77
2024-10-14/2024-10-20,BROOKLYN,148
2024-10-14/2024-10-20,MANHATTAN,107
2024-10-14/2024-10-20,QUEENS,83
2024-10-14/2024-10-20,STATEN ISLAND,11
2024-10-21/2024-10-27,BRONX,74
2024-10-21/2024-10-27,BROOKLYN,163
2024-10-21/2024-10-27,MANHATTAN,127
2024-10-21/2024-10-27,QUEENS,70
2024-10-21/2024-10-27,STATEN ISLAND,9
2024-10-28/2024-11-03,BRONX,69
2024-10-28/2024-11-03,BROOKLYN,162
2024-10-28/2024-11-03,MANHATTAN,117
2024-10-28/2024-11-03,QUEENS,69
2024-10-28/2024-11-03,STATEN ISLAND,10
2024-11-04/2024-11-10,BRONX,59
2024-11-04/2024-11-10,BROOKLYN,156
2024-11-04/2024-11-10,MANHATTAN,95
2024-11-04/2024-11-10,QUEENS,77
2024-11-04/2024-11-10,STATEN ISLAND,12
2024-11-11/2024-11-17,BRONX,62
2024-11-11/2024-11-17,BROOKLYN,159
2024-11-11/2024-11-17,MANHATTAN,97
2024-11-11/2024-11-17,QUEENS,61
2024-11-11/2024-11-17,STATEN ISLAND,10
2024-11-18/2024-11-24,BRONX,71
2024-11-18/2024-11-24,BROOKLYN,130
2024-11-18/2024-11-24,MANHATTAN,96
2024-11-18/2024-11-24,QUEENS,52
2024-11-18/2024-11-24,STATEN ISLAND,7
2024-11-25/2024-12-01,BRONX,44
2024-11-25/2024-12-01,BROOKLYN,100
2024-11-25/2024-12-01,MANHATTAN,80
2024-11-25/2024-12-01,QUEENS,35
2024-11-25/2024-12-01,STATEN ISLAND,8
2024-12-02/2024-12-08,BRONX,48
2024-12-02/2024-12-08,BROOKLYN,106
2024-12-02/2024-12-08,MANHATTAN,72
2024-12-02/2024-12-08,QUEENS,30
2024-12-02/2024-12-08,STATEN ISLAND,1
2024-12-09/2024-12-15,BRONX,48
2024-12-09/2024-12-15,BROOKLYN,117
2024-12-09/2024-12-15,MANHATTAN,66
2024-12-09/2024-12-15,QUEENS,34
2024-12-09/2024-12-15,STATEN ISLAND,4
2024-12-16/2024-12-22,BRONX,55
2024-12-16/2024-12-22,BROOKLYN,110
2024-12-16/2024-12-22,MANHATTAN,67
2024-12-16/2024-12-22,QUEENS,32
2024-12-16/2024-12-22,STATEN ISLAND,10
2024-12-23/2024-12-29,BRONX,31
2024-12-23/2024-12-29,BROOKLYN,61
2024-12-23/2024-12-29,MANHATTAN,60
2024-12-23/2024-12-29,QUEENS,30
2024-12-23/2024-12-29,STATEN ISLAND,3
2024-12-30/2025-01-05,BRONX,44
2024-12-30/2025-01-05,BROOKLYN,82
2024-12-30/2025-01-05,MANHATTAN,83
2024-12-30/2025-01-05,QUEENS,30
2024-12-30/2025-01-05,STATEN ISLAND,5
2025-01-06/2025-01-12,BRONX,51
2025-01-06/2025-01-12,BROOKLYN,82
2025-01-06/2025-01-12,MANHATTAN,89
2025-01-06/2025-01-12,QUEENS,38
2025-01-06/2025-01-12,STATEN ISLAND,1
2025-01-13/2025-01-19,BRONX,45
2025-01-13/2025-01-19,BROOKLYN,126
2025-01-13/2025-01-19,MANHATTAN,90
2025-01-13/2025-01-19,QUEENS,65
2025-01-13/2025-01-19,STATEN ISLAND,13
2025-01-20/2025-01-26,BRONX,68
2025-01-20/2025-01-26,BROOKLYN,92
2025-01-20/2025-01-26,MANHATTAN,81
2025-01-20/2025-01-26,QUEENS,32
2025-01-20/2025-01-26,STATEN ISLAND,8
2025-01-27/2025-02-02,BRONX,49
2025-01-27/2025-02-02,BROOKLYN,110
2025-01-27/2025-02-02,MANHATTAN,126
2025-01-27/2025-02-02,QUEENS,42
2025-01-27/2025-02-02,STATEN ISLAND,5
2025-02-03/2025-02-09,BRONX,66
2025-02-03/2025-02-09,BROOKLYN,118
2025-02-03/2025-02-09,MANHATTAN,65
2025-02-03/2025-02-09,QUEENS,56
2025-02-03/2025-02-09,STATEN ISLAND,6
2025-02-10/2025-02-16,BRONX,54
2025-02-10/2025-02-16,BROOKLYN,90
2025-02-10/2025-02-16,MANHATTAN,82
2025-02-10/2025-02-16,QUEENS,47
2025-02-10/2025-02-16,STATEN ISLAND,5
2025-02-17/2025-02-23,BRONX,65
2025-02-17/2025-02-23,BROOKLYN,104
2025-02-17/2025-02-23,MANHATTAN,70
2025-02-17/2025-02-23,QUEENS,47
2025-02-17/2025-02-23,STATEN ISLAND,9
2025-02-24/2025-03-02,BRONX,58
2025-02-24/2025-03-02,BROOKLYN,143
2025-02-24/2025-03-02,MANHATTAN,104
2025-02-24/2025-03-02,QUEENS,53
2025-02-24/2025-03-02,STATEN ISLAND,9
2025-03-03/2025-03-09,BRONX,70
2025-03-03/2025-03-09,BROOKLYN,147
2025-03-03/2025-03-09,MANHATTAN,89
2025-03-03/2025-03-09,QUEENS,67
2025-03-03/2025-03-09,STATEN ISLAND,4
2025-03-10/2025-03-16,BRONX,67
2025-03-10/2025-03-16,BROOKLYN,164
2025-03-10/2025-03-16,MANHATTAN,110
2025-03-10/2025-03-16,QUEENS,93
2025-03-10/2025-03-16,STATEN ISLAND,7
2025-03-17/2025-03-23,BRONX,84
2025-03-17/2025-03-23,BROOKLYN,151
2025-03-17/2025-03-23,MANHATTAN,137
2025-03-17/2025-03-23,QUEENS,59
2025-03-17/2025-03-23,STATEN ISLAND,9
2025-03-24/2025-03-30,BRONX,68
2025-03-24/2025-03-30,BROOKLYN,143
2025-03-24/2025-03-30,MANHATTAN,115
2025-03-24/2025-03-30,QUEENS,65
2025-03-24/2025-03-30,STATEN ISLAND,12
2025-03-31/2025-04-06,BRONX,75
2025-03-31/2025-04-06,BROOKLYN,160
2025-03-31/2025-04-06,MANHATTAN,102
2025-03-31/2025-04-06,QUEENS,77
2025-03-31/2025-04-06,STATEN ISLAND,5
2025-04-07/2025-04-13,BRONX,72
2025-04-07/2025-04-13,BROOKLYN,143
2025-04-07/2025-04-13,MANHATTAN,102
2025-04-07/2025-04-13,QUEENS,64
2025-04-07/2025-04-13,STATEN ISLAND,17
2025-04-14/2025-04-20,BRONX,54
2025-04-14/2025-04-20,BROOKLYN,168
2025-04-14/2025-04-20,MANHATTAN,102
2025-04-14/2025-04-20,QUEENS,63
2025-04-14/2025-04-20,STATEN ISLAND,19
2025-04-21/2025-04-27,BRONX,60
2025-04-21/2025-04-27,BROOKLYN,201
2025-04-21/2025-04-27,MANHATTAN,112
2025-04-21/2025-04-27,QUEENS,89
2025-04-21/2025-04-27,STATEN ISLAND,10
2025-04-28/2025-05-04,BRONX,61
2025-04-28/2025-05-04,BROOKLYN,190
2025-04-28/2025-05-04,MANHATTAN,121
2025-04-28/2025-05-04,QUEENS,86
2025-04-28/2025-05-04,STATEN ISLAND,12
2025-05-05/2025-05-11,BRONX,68
2025-05-05/2025-05-11,BROOKLYN,187
2025-05-05/2025-05-11,MANHATTAN,138
2025-05-05/2025-05-11,QUEENS,97
2025-05-05/2025-05-11,STATEN ISLAND,11
2025-05-12/2025-05-18,BRONX,81
2025-05-12/2025-05-18,BROOKLYN,192
2025-05-12/2025-05-18,MANHATTAN,134
2025-05-12/2025-05-18,QUEENS,87
2025-05-12/2025-05-18,STATEN ISLAND,18
2025-05-19/2025-05-25,BRONX,67
2025-05-19/2025-05-25,BROOKLYN,192
2025-05-19/2025-05-25,MANHATTAN,86
2025-05-19/2025-05-25,QUEENS,54
2025-05-19/2025-05-25,STATEN ISLAND,17
2025-05-26/2025-06-01,BRONX,75
2025-05-26/2025-06-01,BROOKLYN,182
2025-05-26/2025-06-01,MANHATTAN,139
2025-05-26/2025-06-01,QUEENS,85
2025-05-26/2025-06-01,STATEN ISLAND,27
2025-06-02/2025-06-08,BRONX,77
2025-06-02/2025-06-08,BROOKLYN,190
2025-06-02/2025-06-08,MANHATTAN,130
2025-06-02/2025-06-08,QUEENS,97
2025-06-02/2025-06-08,STATEN ISLAND,23
2025-06-09/2025-06-15,BRONX,90
2025-06-09/2025-06-15,BROOKLYN,192
2025-06-09/2025-06-15,MANHATTAN,160
2025-06-09/2025-06-15,QUEENS,117
2025-06-09/2025-06-15,STATEN ISLAND,17
2025-06-16/2025-06-22,BRONX,80
2025-06-16/2025-06-22,BROOKLYN,161
2025-06-16/2025-06-22,MANHATTAN,156
2025-06-16/2025-06-22,QUEENS,101
2025-06-16/2025-06-22,STATEN ISLAND,24
2025-06-23/2025-06-29,BRONX,98
2025-06-23/2025-06-29,BROOKLYN,188
2025-06-23/2025-06-29,MANHATTAN,142
2025-06-23/2025-06-29,QUEENS,80
2025-06-23/2025-06-29,STATEN ISLAND,22
2025-06-30/2025-07-06,BRONX,82
2025-06-30/2025-07-06,BROOKLYN,178
2025-06-30/2025-07-06,MANHATTAN,124
2025-06-30/2025-07-06,QUEENS,91
2025-06-30/2025-07-06,STATEN ISLAND,19
2025-07-07/2025-07-13,BRONX,99
2025-07-07/2025-07-13,BROOKLYN,199
2025-07-07/2025-07-13,MANHATTAN,106
2025-07-07/2025-07-13,QUEENS,91
2025-07-07/2025-07-13,STATEN ISLAND,23
2025-07-14/2025-07-20,BRONX,95
2025-07-14/2025-07-20,BROOKLYN,193
2025-07-14/2025-07-20,MANHATTAN,118
2025-07-14/2025-07-20,QUEENS,65
2025-07-14/2025-07-20,STATEN ISLAND,22
2025-07-21/2025-07-27,BRONX,80
2025-07-21/2025-07-27,BROOKLYN,162
2025-07-21/2025-07-27,MANHATTAN,131
2025-07-21/2025-07-27,QUEENS,83
2025-07-21/2025-07-27,STATEN ISLAND,12
2025-07-28/2025-08-03,BRONX,107
2025-07-28/2025-08-03,BROOKLYN,179
2025-07-28/2025-08-03,MANHATTAN,106
2025-07-28/2025-08-03,QUEENS,89
2025-07-28/2025-08-03,STATEN ISLAND,19
2025-08-04/2025-08-10,BRONX,102
2025-08-04/2025-08-10,BROOKLYN,165
2025-08-04/2025-08-10,MANHATTAN,122
2025-08-04/2025-08-10,QUEENS,74
2025-08-04/2025-08-10,STATEN ISLAND,25
2025-08-11/2025-08-17,BRONX,98
2025-08-11/2025-08-17,BROOKLYN,173
2025-08-11/2025-08-17,MANHATTAN,109
2025-08-11/2025-08-17,QUEENS,88
2025-08-11/2025-08-17,STATEN ISLAND,10
2025-08-18/2025-08-24,BRONX,102
2025-08-18/2025-08-24,BROOKLYN,157
2025-08-18/2025-08-24,MANHATTAN,149
2025-08-18/2025-08-24,QUEENS,90
2025-08-18/2025-08-24,STATEN ISLAND,15
2025-08-25/2025-08-31,BRONX,82
2025-08-25/2025-08-31,BROOKLYN,168
2025-08-25/2025-08-31,MANHATTAN,111
2025-08-25/2025-08-31,QUEENS,92
2025-08-25/2025-08-31,STATEN ISLAND,17
2025-09-01/2025-09-07,BRONX,90
2025-09-01/2025-09-07,BROOKLYN,206
2025-09-01/2025-09-07,MANHATTAN,111
2025-09-01/2025-09-07,QUEENS,75
2025-09-01/2025-09-07,STATEN ISLAND,15
2025-09-08/2025-09-14,BRONX,52
2025-09-08/2025-09-14,BROOKLYN,234
2025-09-08/2025-09-14,MANHATTAN,148
2025-09-08/2025-09-14,QUEENS,74
2025-09-08/2025-09-14,STATEN ISLAND,11
2025-09-15/2025-09-21,BRONX,61
2025-09-15/2025-09-21,BROOKLYN,135
2025-09-15/2025-09-21,MANHATTAN,98
2025-09-15/2025-09-21,QUEENS,50
2025-09-15/2025-09-21,STATEN ISLAND,9
2025-09-22/2025-09-28,BRONX,45
2025-09-22/2025-09-28,BROOKLYN,127
2025-09-22/2025-09-28,MANHATTAN,114
2025-09-22/2025-09-28,QUEENS,64
2025-09-22/2025-09-28,STATEN ISLAND,6
2025-09-29/2025-10-05,BRONX,42
2025-09-29/2025-10-05,BROOKLYN,152
2025-09-29/2025-10-05,MANHATTAN,83
2025-09-29/2025-10-05,QUEENS,57
2025-09-29/2025-10-05,STATEN ISLAND,14
2025-10-06/2025-10-12,BRONX,59
2025-10-06/2025-10-12,BROOKLYN,148
2025-10-06/2025-10-12,MANHATTAN,95
2025-10-06/2025-10-12,QUEENS,52
2025-10-06/2025-10-12,STATEN ISLAND,9
2025-10-13/2025-10-19,BRONX,54
2025-10-13/2025-10-19,BROOKLYN,105
2025-10-13/2025-10-19,MANHATTAN,76
2025-10-13/2025-10-19,QUEENS,47
2025-10-13/2025-10-19,STATEN ISLAND,11
2025-10-20/2025-10-26,BRONX,45
2025-10-20/2025-10-26,BROOKLYN,116
2025-10-20/2025-10-26,MANHATTAN,88
2025-10-20/2025-10-26,QUEENS,34
2025-10-20/2025-10-26,STATEN ISLAND,13
2025-10-27/2025-11-02,BRONX,41
2025-10-27/2025-11-02,BROOKLYN,69
2025-10-27/2025-11-02,MANHATTAN,62
2025-10-27/2025-11-02,QUEENS,37
2025-10-27/2025-11-02,STATEN ISLAND,6
2025-11-03/2025-11-09,BRONX,53
2025-11-03/2025-11-09,BROOKLYN,77
2025-11-03/2025-11-09,MANHATTAN,73
2025-11-03/2025-11-09,QUEENS,40
2025-11-03/2025-11-09,STATEN ISLAND,4
2025-11-10/2025-11-16,BRONX,48
2025-11-10/2025-11-16,BROOKLYN,93
2025-11-10/2025-11-16,MANHATTAN,65
2025-11-10/2025-11-16,QUEENS,19
2025-11-10/2025-11-16,STATEN ISLAND,5
2025-11-17/2025-11-23,BRONX,49
2025-11-17/2025-11-23,BROOKLYN,73
2025-11-17/2025-11-23,MANHATTAN,63
2025-11-17/2025-11-23,QUEENS,53
2025-11-17/2025-11-23,STATEN ISLAND,9
2025-11-24/2025-11-30,BRONX,31
2025-11-24/2025-11-30,BROOKLYN,69
2025-11-24/2025-11-30,MANHATTAN,49
2025-11-24/2025-11-30,QUEENS,28
2025-11-24/2025-11-30,STATEN ISLAND,2
2025-12-01/2025-12-07,BRONX,40
2025-12-01/2025-12-07,BROOKLYN,107
2025-12-01/2025-12-07,MANHATTAN,58
2025-12-01/2025-12-07,QUEENS,39
2025-12-01/2025-12-07,STATEN ISLAND,10
2025-12-08/2025-12-14,BRONX,27
2025-12-08/2025-12-14,BROOKLYN,60
2025-12-08/2025-12-14,MANHATTAN,47
2025-12-08/2025-12-14,QUEENS,28
2025-12-08/2025-12-14,STATEN ISLAND,5
2025-12-15/2025-12-21,BRONX,28
2025-12-15/2025-12-21,BROOKLYN,55
2025-12-15/2025-12-21,MANHATTAN,54
2025-12-15/2025-12-21,QUEENS,19
2025-12-22/2025-12-28,BRONX,27
2025-12-22/2025-12-28,BROOKLYN,48
2025-12-22/2025-12-28,MANHATTAN,47
2025-12-22/2025-12-28,QUEENS,15
2025-12-22/2025-12-28,STATEN ISLAND,2
2025-12-29/2026-01-04,BRONX,13
2025-12-29/2026-01-04,BROOKLYN,15
2025-12-29/2026-01-04,MANHATTAN,16
2025-12-29/2026-01-04,QUEENS,7
